run_id,pid,exit_code,wallclock_s,max_rss_mb
0,23,0,2.662773,108.871
1,24,0,2.891749,111.016
2,25,0,3.403731,112.438
3,26,0,3.192301,112.676
4,27,0,2.892080,111.051
5,32,0,3.669623,115.930
6,33,0,2.892655,111.312
7,35,0,2.775175,110.363
8,40,0,3.197688,110.074
9,45,0,2.661049,110.820
10,50,0,3.027234,112.039
11,54,0,3.199654,113.336
12,64,0,2.660225,110.414
13,68,0,3.202700,112.633
14,78,0,2.773462,110.992
15,80,0,2.773550,109.852
16,85,0,3.407710,111.180
17,94,0,3.208229,112.695
18,104,0,2.891325,110.926
19,111,0,3.411696,114.773
20,117,0,3.036718,112.199
21,130,0,3.416655,112.648
22,142,0,3.422691,115.059
23,153,0,2.772726,110.207
24,161,0,3.217568,112.270
25,171,0,3.043354,111.922
26,184,0,2.892491,111.488
27,204,0,3.043060,112.180
28,220,0,2.892407,111.172
29,236,0,3.423163,116.535
30,653,0,2.505533,117.402
31,654,0,2.277207,116.527
32,655,0,1.829308,111.613
33,716,0,2.276031,112.074
34,717,0,2.390698,112.398
35,718,0,2.275549,110.457
36,720,0,2.162869,111.223
37,800,0,2.799192,114.824
38,801,0,2.388977,111.773
39,802,0,2.389940,111.711
40,804,0,2.671025,114.719
41,805,0,2.797134,111.988
42,807,0,2.151740,109.402
43,926,0,2.748786,114.723
44,927,0,2.749392,112.672
45,928,0,2.750429,111.840
46,929,0,2.509576,111.715
47,1010,0,2.676645,112.938
48,1011,0,2.678983,112.867
49,1012,0,2.681675,114.160
50,1013,0,2.299269,110.715
51,1014,0,2.418517,110.215
52,1016,0,2.298992,109.188
53,1136,0,2.035115,110.316
54,1137,0,2.153433,113.012
55,1138,0,2.588667,113.277
56,1139,0,2.419203,112.016
57,1140,0,2.421302,111.484
58,1141,0,2.423392,109.535
59,1262,0,2.299931,113.965
60,1283,0,1.545660,111.215
61,1304,0,1.746141,110.344
62,1305,0,1.748350,109.887
63,1346,0,1.805315,111.828
64,1347,0,1.918946,111.246
65,1349,0,1.804765,110.547
66,1409,0,1.798922,111.156
67,1410,0,2.417147,116.293
68,1451,0,1.776002,111.992
69,1452,0,1.907095,114.773
70,1493,0,2.122482,114.652
71,1494,0,2.008586,113.262
72,1495,0,1.893966,111.281
73,1497,0,2.235178,115.594
74,1502,0,2.651172,115.645
75,1598,0,2.006100,110.324
76,1599,0,2.241337,111.719
77,1600,0,2.005813,110.094
78,1601,0,2.535609,115.691
79,1682,0,1.981216,110.473
80,1683,0,2.627541,114.785
81,1684,0,2.246026,113.262
82,1745,0,2.219433,111.648
83,1746,0,2.574786,112.570
84,1747,0,2.708879,113.316
85,1748,0,2.218962,110.926
86,1749,0,2.575872,114.668
87,1751,0,2.576828,113.086
88,1871,0,2.261977,114.777
89,1872,0,2.650968,115.465
90,1873,0,2.262240,112.863
91,1934,0,2.325427,115.570
92,1935,0,1.621354,110.754
93,1976,0,1.899480,113.027
94,1977,0,1.901188,110.965
95,2018,0,2.255529,115.457
96,2019,0,1.649481,110.379
97,2060,0,1.817261,112.586
98,2081,0,2.111230,115.594
99,2102,0,2.256100,116.402
100,2123,0,1.641254,111.176
101,2124,0,2.142660,115.312
102,2165,0,1.766771,113.465
103,2166,0,1.528080,109.824
104,2167,0,2.268479,114.430
105,2228,0,1.780781,111.359
106,2229,0,1.649263,111.945
107,2270,0,2.007939,114.750
108,2291,0,1.732873,112.305
109,2312,0,1.981602,113.258
110,2313,0,1.981490,114.172
111,2314,0,1.498463,109.809
112,2316,0,1.861411,111.727
113,2396,0,2.215849,114.270
114,2397,0,2.216128,114.562
115,2398,0,2.099590,112.652
116,2400,0,2.099478,113.246
117,2480,0,1.965993,113.543
118,2481,0,2.203960,113.172
119,2482,0,1.848011,110.855
120,2543,0,2.074688,112.074
121,2544,0,1.717085,108.512
122,2585,0,2.078209,113.566
123,2586,0,1.668094,109.801
124,2587,0,2.252815,113.477
125,2648,0,1.517938,110.359
126,2669,0,1.768613,112.879
127,2690,0,1.999624,113.578
128,2691,0,1.821316,113.328
129,2692,0,1.824233,112.234
130,2753,0,2.177942,113.996
131,2774,0,1.901351,112.895
132,2775,0,1.586627,111.758
133,2816,0,1.624482,110.422
134,2837,0,1.650153,112.094
135,2838,0,2.073922,114.266
136,2839,0,1.652552,112.215
137,2900,0,1.953629,113.211
138,2921,0,2.069604,115.578
139,2922,0,2.307768,117.578
140,2963,0,1.711126,111.223
141,2984,0,2.188875,115.148
142,2985,0,2.428642,113.848
143,3026,0,1.592765,111.098
144,3027,0,1.714554,111.727
145,3068,0,2.305258,115.031
146,3069,0,2.305175,112.727
147,3070,0,2.187962,113.227
148,3072,0,2.304675,112.152
149,3073,0,2.570475,115.414
150,3173,0,1.953210,112.230
151,3174,0,2.304681,114.027
152,3215,0,1.541874,109.254
153,3216,0,1.894029,111.316
154,3257,0,1.719872,111.500
155,3258,0,2.261314,115.594
156,3299,0,1.920531,113.578
157,3300,0,1.535229,108.605
158,3301,0,1.776191,111.184
159,3302,0,1.921132,113.430
160,3383,0,2.135223,114.801
161,3384,0,1.634454,110.496
162,3425,0,2.506375,114.578
163,3426,0,1.791705,112.523
164,3427,0,1.794842,112.133
165,3488,0,2.037634,114.230
166,3509,0,2.485043,115.609
167,3510,0,1.959791,113.453
168,3511,0,2.341186,115.906
169,3572,0,1.727537,111.855
170,3573,0,1.863260,112.945
171,3614,0,2.252876,114.141
172,3635,0,1.497673,110.543
173,3656,0,1.889263,114.324
174,3658,0,1.750381,114.410
175,3698,0,1.781674,111.863
176,3699,0,1.661221,110.820
177,3740,0,2.192491,112.332
178,3741,0,1.666895,108.648
179,3742,0,2.069904,112.859
180,3744,0,2.421094,116.324
181,3824,0,2.305361,113.645
182,3825,0,2.074430,111.500
183,3826,0,2.304539,113.637
184,3887,0,2.410300,115.312
185,3888,0,2.284171,113.586
186,3891,0,2.407753,114.305
187,3950,0,2.249374,113.914
188,3951,0,2.249645,111.496
189,3952,0,2.645303,115.809
190,4013,0,1.677990,109.820
191,4014,0,1.677720,111.754
192,4015,0,2.043770,112.035
193,4076,0,1.971261,114.066
194,4097,0,2.204794,115.145
195,4118,0,2.327670,117.203
196,4119,0,1.921480,113.320
197,4120,0,2.328037,115.938
198,4181,0,1.806130,112.395
199,4182,0,1.807214,111.895
200,4223,0,1.944661,112.242
201,4224,0,2.077856,115.020
202,4265,0,1.824681,112.316
203,4266,0,2.382173,114.160
204,4267,0,2.078500,115.469
205,4328,0,1.446158,108.316
206,4329,0,1.708522,110.484
207,4330,0,1.960111,111.414
208,4391,0,1.692526,111.613
209,4412,0,2.491712,117.754
210,4413,0,1.983867,115.633
211,4454,0,1.868219,113.793
212,4455,0,1.984370,113.566
213,4496,0,1.976582,113.141
214,4497,0,1.503636,109.613
215,4498,0,1.743338,111.559
216,4559,0,2.124035,114.312
217,4580,0,2.261201,113.680
218,4581,0,2.405859,115.188
219,4582,0,2.005203,113.602
220,4583,0,1.731112,109.363
221,4585,0,1.614132,110.977
222,4685,0,1.733572,111.164
223,4706,0,1.588407,110.051
224,4707,0,1.989212,113.137
225,4708,0,1.990704,113.777
226,4709,0,1.589519,109.656
227,4790,0,1.847844,112.809
228,4791,0,2.113428,114.727
229,4832,0,1.996177,111.852
230,4833,0,1.859880,112.230
231,4834,0,1.996722,113.418
232,4836,0,1.998193,113.211
233,4837,0,1.999465,112.863
234,4937,0,1.881288,111.227
235,4958,0,1.875764,114.523
236,4959,0,1.742167,112.180
237,5000,0,1.445422,111.602
238,5021,0,2.356417,116.059
239,5022,0,1.924347,112.902
240,5063,0,1.696598,111.273
241,5064,0,1.860907,113.570
242,5065,0,2.907440,117.070
243,5126,0,2.124977,114.801
244,5127,0,2.125157,113.250
245,5168,0,1.885044,114.008
246,5169,0,2.000795,113.961
247,5210,0,1.736299,112.254
248,5231,0,1.844979,110.988
249,5232,0,1.983631,111.953
250,5233,0,1.726408,110.965
251,5235,0,1.610229,110.391
252,5237,0,1.844752,111.875
253,5336,0,1.710297,111.312
254,5357,0,2.145719,111.805
255,5358,0,2.146840,115.559
256,5359,0,1.972166,112.414
257,5361,0,1.769431,111.270
258,5441,0,2.157909,115.215
259,5442,0,2.451809,114.910
260,5443,0,2.310263,115.445
261,5504,0,2.311417,114.672
262,5505,0,1.889234,112.871
263,5506,0,2.023925,110.828
264,5508,0,2.310402,113.320
265,5510,0,2.172689,113.492
266,5513,0,1.755896,110.242
267,5630,0,2.566302,115.559
268,5651,0,1.805610,112.254
269,5652,0,1.922671,113.902
270,5693,0,2.046615,114.539
271,5714,0,2.527725,116.027
272,5715,0,2.409493,115.258
273,5716,0,2.063944,110.477
274,5718,0,2.063435,109.289
275,5798,0,2.411112,111.051
276,5799,0,2.293577,113.027
277,5800,0,2.410326,113.961
278,5802,0,2.410548,113.336
279,5882,0,2.394103,115.289
280,5883,0,2.158329,112.320
281,5924,0,1.841443,110.566
282,5925,0,1.841230,110.812
283,5966,0,2.294156,114.934
284,5987,0,1.804390,112.645
285,5988,0,1.805878,112.602
286,6029,0,2.183520,114.324
287,6030,0,2.186068,112.539
288,6031,0,1.980563,111.641
289,6092,0,1.540442,111.742
290,6113,0,1.703046,111.496
291,6114,0,1.706545,112.035
292,6155,0,1.764752,111.141
293,6156,0,1.953983,114.215
294,6197,0,1.841915,112.184
295,6198,0,2.247234,114.578
296,6199,0,2.047425,111.402
297,6200,0,1.854915,111.500
298,6281,0,1.543989,109.973
299,6302,0,1.841462,114.293
300,6303,0,1.844609,112.242
301,6344,0,1.817938,111.715
302,6345,0,2.021271,111.977
303,6386,0,1.598488,112.387
304,6387,0,1.795793,111.367
305,6428,0,1.856334,112.379
306,6429,0,2.666462,115.719
307,6430,0,2.309175,112.680
308,6491,0,2.307662,111.707
309,6492,0,2.307543,112.758
310,6493,0,2.422556,113.316
311,6494,0,2.072851,109.344
312,6575,0,2.167474,110.137
313,6576,0,2.282024,111.039
314,6577,0,2.051242,109.375
315,6578,0,3.076081,116.199
316,6659,0,2.963677,115.488
317,6660,0,2.184994,109.164
318,6661,0,2.461411,114.070
319,6662,0,2.577819,113.203
320,6743,0,2.385620,112.309
321,6744,0,2.269238,111.969
322,6745,0,2.624823,112.949
323,6746,0,2.384514,112.074
324,6827,0,2.560550,113.953
325,6828,0,2.419631,111.766
326,6829,0,2.061085,111.180
327,6890,0,2.357131,113.797
328,6911,0,2.401031,113.801
329,6912,0,2.557150,113.199
330,6913,0,2.404452,112.723
331,6974,0,2.073787,112.875
332,6975,0,1.945043,111.461
333,7016,0,2.020410,113.230
334,7017,0,2.171966,113.883
335,7058,0,1.725583,111.953
336,7079,0,1.568286,111.867
337,7100,0,1.973828,113.930
338,7101,0,1.763893,111.285
339,7142,0,1.862165,112.621
340,7143,0,2.227476,114.156
341,7144,0,1.867322,110.352
342,7205,0,1.748288,110.527
343,7206,0,1.546002,110.930
344,7247,0,1.758432,111.426
345,7268,0,1.624313,110.367
346,7289,0,1.763180,110.383
347,7290,0,2.256498,115.086
348,7291,0,1.767134,111.918
349,7352,0,1.816875,110.824
350,7353,0,1.989876,112.883
351,7354,0,1.820786,111.691
352,7415,0,1.700085,110.422
353,7436,0,1.557583,109.938
354,7437,0,1.722924,111.113
355,7478,0,1.923276,111.004
356,7479,0,2.111965,112.207
357,7480,0,2.535999,114.855
358,7482,0,2.116190,111.820
359,7562,0,2.160093,111.785
360,7563,0,2.293135,113.789
361,7604,0,2.138999,111.906
362,7605,0,2.547669,112.793
363,7606,0,2.139078,109.074
364,7607,0,2.701264,113.996
365,7688,0,2.227170,111.152
366,7689,0,2.388685,112.414
367,7730,0,1.766790,109.773
368,7731,0,2.686905,115.570
369,7772,0,2.506853,113.527
370,7773,0,2.270437,111.348
371,7774,0,2.506324,115.027
372,7775,0,2.389681,111.141
373,7856,0,1.815849,110.180
374,7857,0,2.204361,113.434
375,7898,0,2.345972,113.414
376,7919,0,1.937412,110.848
377,7920,0,2.351955,111.977
378,7961,0,2.334150,113.531
379,7962,0,2.337751,113.793
380,7963,0,2.184757,112.141
381,7965,0,2.017740,112.582
382,8045,0,1.868586,111.660
383,8046,0,1.732258,110.816
384,8087,0,1.684630,111.641
385,8108,0,2.006909,113.211
386,8129,0,2.218252,114.754
387,8130,0,1.491262,110.383
388,8171,0,1.708105,110.711
389,8192,0,2.300861,114.531
390,8193,0,2.160518,113.617
391,8194,0,1.973389,112.867
392,8196,0,2.300449,114.363
393,8276,0,2.304278,113.188
394,8297,0,1.877011,111.441
395,8318,0,1.988359,112.766
396,8319,0,1.549500,111.762
397,8320,0,1.860340,114.141
398,8381,0,2.337397,114.879
399,8402,0,2.061748,114.637
400,8423,0,2.233503,116.062
401,8424,0,2.104644,115.762
402,8465,0,1.835909,110.258
403,8466,0,2.239884,113.996
404,8467,0,2.116240,112.793
405,8469,0,2.116427,112.918
406,8549,0,1.993332,112.012
407,8570,0,2.258181,111.793
408,8571,0,2.260707,111.930
409,8572,0,2.426403,112.777
410,8573,0,2.613950,113.348
411,8654,0,1.799877,109.930
412,8655,0,2.464421,116.070
413,8656,0,2.465625,113.512
414,8717,0,1.738018,109.652
415,8718,0,1.739930,110.375
416,8759,0,2.087326,114.227
417,8760,0,2.232099,115.598
418,8801,0,1.832648,111.395
419,8802,0,1.834111,113.312
420,8803,0,1.972919,114.723
421,8864,0,1.998646,111.988
422,8866,0,2.001053,111.781
423,8906,0,1.878474,111.512
424,8907,0,2.401558,112.738
425,8908,0,2.050396,114.715
426,8969,0,1.899336,111.535
427,8970,0,2.554116,113.906
428,9011,0,2.085721,113.770
429,9012,0,1.763235,111.676
430,9053,0,2.488411,114.098
431,9054,0,2.489455,113.844
432,9095,0,2.370553,112.453
433,9096,0,2.128058,112.363
434,9097,0,2.371029,110.906
435,9099,0,1.980539,110.492
436,9179,0,1.992141,110.297
437,9181,0,1.991927,111.848
438,9221,0,2.058974,112.109
439,9222,0,2.210065,112.961
440,9263,0,2.044890,113.965
441,9264,0,2.352839,112.473
442,9305,0,2.325284,115.090
443,9326,0,2.338826,116.125
444,9328,0,2.585119,112.762
445,9329,0,2.182081,112.242
446,9331,0,2.458372,113.949
447,9410,0,2.317722,114.016
448,9411,0,2.602902,115.715
449,9412,0,2.446405,114.762
450,9473,0,1.882342,110.461
451,9494,0,1.856487,109.996
452,9495,0,1.976560,110.902
453,9496,0,1.856785,110.293
454,9557,0,1.791431,110.020
455,9558,0,2.077045,112.938
456,9599,0,2.092784,113.340
457,9620,0,2.333306,114.305
458,9641,0,1.790979,112.215
459,9662,0,1.642055,110.660
460,9663,0,1.644856,110.199
461,9704,0,1.921890,113.578
462,9705,0,2.272650,114.949
463,9706,0,2.274325,114.902
464,9767,0,2.264710,112.895
465,9768,0,2.136865,111.641
466,9769,0,2.573240,114.273
467,9771,0,2.136893,113.219
468,9773,0,1.838431,109.559
469,9872,0,1.865846,110.652
470,9874,0,2.002154,112.113
471,9914,0,2.101923,114.801
472,9935,0,1.771771,112.496
473,9936,0,1.940664,110.922
474,9937,0,2.081835,112.426
475,9998,0,2.525647,112.867
476,9999,0,2.090186,113.332
477,10000,0,2.223242,111.949
478,10061,0,2.269251,111.816
479,10062,0,2.269665,111.285
480,10063,0,1.842315,109.859
481,10064,0,1.842662,110.445
482,10145,0,2.110099,110.500
483,10146,0,2.498116,113.727
484,10187,0,2.054036,111.090
485,10188,0,2.578017,114.965
486,10229,0,2.755214,115.594
487,10230,0,1.985090,111.000
488,10231,0,2.382819,114.070
489,10232,0,2.258146,109.930
490,10313,0,2.227437,113.070
491,10314,0,2.228162,114.688
492,10355,0,1.823792,112.465
493,10376,0,1.918429,111.094
494,10377,0,2.356821,115.926
495,10378,0,2.358585,116.168
496,10439,0,1.670488,110.277
497,10440,0,2.061180,112.496
498,10441,0,2.380159,113.668
499,10502,0,1.657295,111.473
500,10523,0,1.927103,113.223
501,10544,0,1.782939,111.223
502,10545,0,1.927905,112.242
503,10546,0,1.617243,111.113
504,10607,0,2.166481,111.188
505,10608,0,1.807179,110.609
506,10609,0,2.356030,112.078
507,10670,0,2.040316,112.211
508,10691,0,1.871431,113.297
509,10712,0,1.742187,112.535
510,10713,0,1.743894,110.617
511,10714,0,2.337552,115.785
512,10775,0,2.218060,113.734
513,10777,0,2.365368,116.922
514,10817,0,2.570924,114.195
515,10838,0,1.942896,111.918
516,10859,0,1.626390,109.789
517,10880,0,1.849503,113.562
518,10881,0,1.701784,111.699
519,10883,0,1.850297,112.984
520,10943,0,1.733931,110.598
521,10964,0,2.456850,114.215
522,10965,0,1.942508,110.680
523,10966,0,2.308896,113.891
524,10968,0,2.310540,111.234
525,11048,0,2.000069,110.930
526,11069,0,2.390767,113.906
527,11070,0,2.146329,110.520
528,11111,0,3.022986,115.031
529,11112,0,2.497257,112.316
530,11113,0,2.615650,113.645
531,11114,0,2.244247,111.445
532,11195,0,2.200831,112.145
533,11196,0,2.436005,112.844
534,11197,0,2.693602,114.375
535,11258,0,2.189275,113.418
536,11259,0,2.466541,112.363
537,11260,0,1.942048,111.008
538,11261,0,2.320545,111.426
539,11262,0,2.189920,111.387
540,11363,0,2.256791,111.531
541,11384,0,2.189428,112.105
542,11405,0,2.411976,112.246
543,11406,0,2.414982,113.242
544,11407,0,2.049576,109.562
545,11408,0,1.908211,109.613
546,11489,0,1.883746,110.176
547,11490,0,1.883455,109.391
548,11493,0,2.245588,112.832
549,11495,0,2.247682,111.477
550,11573,0,1.682683,109.539
551,11574,0,1.884915,110.832
552,11615,0,1.881006,112.602
553,11636,0,1.735127,110.465
554,11637,0,1.737806,111.492
555,11678,0,1.999953,111.559
556,11679,0,2.362999,115.020
557,11720,0,1.928154,112.930
558,11721,0,1.744786,111.059
559,11762,0,1.987263,113.598
560,11783,0,2.360528,116.254
561,11784,0,1.698928,110.582
562,11825,0,2.074722,112.211
563,11826,0,2.356467,115.105
564,11867,0,1.951159,109.797
565,11868,0,2.491174,114.348
566,11909,0,2.462970,112.449
567,11910,0,2.696694,115.578
568,11951,0,2.318554,111.098
569,11952,0,2.318350,111.320
570,11953,0,2.551536,114.809
571,11954,0,2.432425,113.344
572,12035,0,2.390234,110.766
573,12036,0,2.518087,113.637
574,12037,0,2.675039,114.195
575,12038,0,2.390989,113.047
576,12119,0,2.066966,110.355
577,12140,0,2.460579,111.680
578,12141,0,2.653404,114.473
579,12142,0,2.465912,113.602
580,12143,0,2.292858,111.344
581,12144,0,2.294863,110.441
582,12245,0,2.118285,112.016
583,12246,0,1.825673,109.551
584,12247,0,2.119465,111.035
585,12308,0,2.083035,111.031
586,12309,0,1.895125,110.312
587,12350,0,2.347075,115.117
588,12351,0,2.349965,115.430
589,12392,0,1.729488,111.008
590,12393,0,2.563614,112.742
591,12434,0,1.861898,112.148
592,12435,0,1.864767,111.715
593,12476,0,2.134043,113.422
594,12497,0,1.811934,113.637
595,12518,0,1.944999,114.547
596,12539,0,1.642571,111.301
597,12540,0,2.517494,115.902
598,12541,0,1.834469,111.344
599,12602,0,2.081487,109.918
600,12603,0,2.263355,109.957
601,12644,0,2.272498,111.465
602,12645,0,2.137211,109.426
603,12646,0,3.235751,116.727
604,12647,0,2.388642,113.402
605,12649,0,2.271451,111.078
606,12749,0,2.513257,113.926
607,12770,0,2.906661,114.582
608,12771,0,2.471271,111.281
609,12772,0,2.471377,110.777
610,12773,0,2.471626,110.875
611,12775,0,2.906185,113.590
612,12875,0,2.403978,111.000
613,12876,0,2.715954,113.539
614,12877,0,2.281335,111.664
615,12938,0,2.493315,111.305
616,12939,0,2.316642,110.652
617,12940,0,3.188819,114.066
618,13001,0,2.219856,111.301
619,13002,0,2.763766,114.152
620,13003,0,2.765609,114.945
621,13004,0,2.603499,112.789
622,13085,0,2.567638,114.441
623,13106,0,2.370944,113.145
624,13107,0,2.213615,111.137
625,13108,0,2.656311,112.117
626,13169,0,1.878518,110.035
627,13170,0,2.697596,116.668
628,13211,0,2.307431,114.785
629,13232,0,2.170318,114.258
630,13233,0,1.689992,110.523
631,13274,0,2.613931,112.820
632,13275,0,1.868199,111.918
633,13276,0,2.057327,112.945
634,13337,0,1.933221,113.242
635,13358,0,2.568405,114.977
636,13379,0,1.861997,109.840
637,13380,0,1.865733,109.828
638,13381,0,2.447102,113.992
639,13383,0,2.079097,111.699
640,13463,0,2.325268,113.691
641,13484,0,2.692526,115.238
642,13505,0,2.327121,112.695
643,13506,0,1.995990,110.980
644,13507,0,1.998274,111.102
645,13508,0,2.329230,111.922
646,13510,0,2.171612,112.910
647,13610,0,2.137836,113.906
648,13631,0,1.626565,111.270
649,13652,0,1.466771,109.613
650,13653,0,2.177131,114.738
651,13694,0,2.652456,114.609
652,13695,0,2.654545,114.379
653,13696,0,2.470756,112.066
654,13698,0,2.247772,111.234
655,13700,0,1.849428,109.609
656,13701,0,2.036415,109.492
657,13820,0,2.480416,114.270
658,13821,0,2.322804,112.375
659,13862,0,2.873590,115.039
660,13863,0,2.501837,115.355
661,13864,0,2.010012,109.566
662,13865,0,2.340859,112.523
663,13868,0,2.341417,111.910
664,13967,0,2.087197,112.168
665,13968,0,2.458518,114.121
666,14009,0,1.934868,111.477
667,14011,0,2.507923,114.555
668,14051,0,2.627742,112.152
669,14052,0,2.744884,112.793
670,14054,0,2.746087,112.867
671,14055,0,2.493106,110.430
672,14057,0,2.626558,112.613
673,14059,0,2.494800,112.574
674,14062,0,2.495184,111.828
675,14198,0,2.344488,111.875
676,14219,0,2.532272,113.676
677,14220,0,2.532025,112.113
678,14223,0,2.383662,110.883
679,14282,0,2.196376,110.426
680,14283,0,3.097167,115.863
681,14324,0,2.130898,111.285
682,14325,0,3.031879,115.008
683,14366,0,2.479076,114.543
684,14387,0,2.740683,115.207
685,14388,0,2.095396,110.625
686,14429,0,2.452678,112.926
687,14430,0,2.452238,112.320
688,14431,0,2.452434,113.332
689,14492,0,2.151912,110.184
690,14493,0,2.415118,111.875
691,14494,0,2.291094,112.539
692,14555,0,2.753771,115.484
693,14556,0,2.379063,113.148
694,14557,0,2.381081,113.230
695,14618,0,2.152476,111.941
696,14619,0,2.153871,110.793
697,14660,0,2.166298,113.684
698,14681,0,2.029188,111.270
699,14682,0,2.566154,114.473
700,14684,0,2.567136,113.305
701,14685,0,2.037905,111.234
702,14765,0,2.288979,113.711
703,14766,0,2.584742,114.965
704,14807,0,2.142604,111.867
705,14808,0,2.825673,114.109
706,14809,0,2.145611,109.441
707,14810,0,2.439513,114.363
708,14891,0,1.980462,109.602
709,14892,0,2.132423,113.000
710,14893,0,1.983556,110.332
711,14954,0,1.866164,111.332
712,14975,0,2.290571,116.047
713,14996,0,2.143526,112.438
714,14997,0,2.146307,114.160
715,15038,0,2.388275,111.121
716,15039,0,2.744476,114.543
717,15040,0,2.579320,111.746
718,15042,0,2.580473,112.121
719,15046,0,2.038622,111.168
720,15143,0,2.443739,111.352
721,15144,0,2.262243,111.816
722,15185,0,2.426698,114.902
723,15186,0,1.917338,109.840
724,15227,0,2.413302,114.039
725,15228,0,2.787487,115.000
726,15269,0,2.220868,113.746
727,15270,0,2.223780,110.895
728,15311,0,1.838149,110.887
729,15312,0,2.182958,111.598
730,15353,0,2.655575,114.828
731,15354,0,2.814241,114.359
732,15355,0,2.483784,114.711
733,15357,0,2.657346,114.242
734,15358,0,2.294342,110.691
735,15458,0,2.161986,110.141
736,15459,0,2.352463,111.137
737,15460,0,2.522136,112.598
738,15521,0,2.674731,113.680
739,15522,0,2.336290,110.879
740,15523,0,2.174447,111.285
741,15584,0,2.449704,112.781
742,15605,0,2.648600,114.277
743,15606,0,2.254513,110.480
744,15607,0,2.058764,110.691
745,15608,0,2.256770,111.703
746,15689,0,2.267034,113.520
747,15710,0,2.665237,113.270
748,15711,0,2.841595,114.262
749,15752,0,2.506530,110.879
750,15753,0,2.340096,111.562
751,15754,0,2.507968,110.406
752,15815,0,2.161046,110.953
753,15816,0,2.721582,113.945
754,15817,0,2.165369,109.965
755,15878,0,1.995375,109.656
756,15879,0,1.997009,110.152
757,15880,0,2.153991,111.406
758,15941,0,2.570371,112.922
759,15962,0,2.121211,110.816
760,15983,0,2.145877,111.969
761,15984,0,2.357201,111.195
762,16025,0,2.645782,115.465
763,16026,0,2.648506,113.629
764,16027,0,2.820208,113.363
765,16088,0,2.268629,111.039
766,16089,0,2.495739,111.180
767,16090,0,2.663762,112.828
768,16091,0,2.665559,113.602
769,16172,0,2.316063,110.926
770,16193,0,2.434755,112.305
771,16194,0,2.437250,112.902
772,16235,0,2.642449,113.707
773,16236,0,2.644068,111.527
774,16238,0,2.647063,112.730
775,16298,0,2.047929,110.332
776,16319,0,2.413355,110.125
777,16340,0,2.797196,110.488
778,16341,0,2.797469,111.531
779,16342,0,2.928625,111.367
780,16343,0,2.928758,114.590
781,16344,0,2.798066,113.859
782,16445,0,2.882396,114.203
783,16446,0,2.625978,111.836
784,16447,0,3.061759,115.730
785,16448,0,2.627793,111.289
786,16529,0,2.398352,111.777
787,16550,0,2.431511,111.480
788,16551,0,2.783637,114.977
789,16592,0,2.571821,112.480
790,16593,0,2.397452,112.023
791,16634,0,2.757895,113.445
792,16655,0,2.525958,114.094
793,16676,0,2.353245,112.043
794,16677,0,2.146664,111.328
795,16678,0,2.713524,113.410
796,16679,0,2.357438,111.723
797,16760,0,2.367388,110.102
798,16761,0,2.556028,113.625
799,16762,0,2.559081,110.766
800,16823,0,2.740680,115.688
801,16824,0,2.743671,114.426
802,16825,0,2.746519,115.273
803,16886,0,2.349003,113.652
804,16887,0,2.172609,110.512
805,16889,0,1.990709,111.438
806,16949,0,2.574560,114.879
807,16970,0,2.663280,114.500
808,16971,0,2.666287,114.711
809,16972,0,2.088987,110.770
810,16974,0,2.292031,111.480
811,16975,0,2.294629,111.246
812,16977,0,2.297256,111.152
813,17096,0,2.542113,113.137
814,17097,0,2.357160,112.891
815,17138,0,2.364523,111.309
816,17139,0,2.367219,112.680
817,17180,0,2.365908,111.641
818,17181,0,2.196983,111.562
819,17222,0,1.995564,110.734
820,17223,0,2.581594,112.996
821,17264,0,2.371524,112.348
822,17285,0,2.404505,112.977
823,17286,0,2.202733,108.703
824,17287,0,2.206347,109.887
825,17288,0,2.209529,111.207
826,17369,0,2.423187,112.609
827,17390,0,2.454190,112.051
828,17391,0,2.232919,110.930
829,17392,0,2.236565,111.332
830,17394,0,2.665143,113.180
831,17474,0,2.497045,112.023
832,17495,0,2.492908,110.297
833,17496,0,2.299805,110.105
834,17497,0,2.099395,109.695
835,17498,0,2.727117,114.402
836,17579,0,2.766439,113.953
837,17580,0,2.309948,111.699
838,17621,0,2.581149,111.531
839,17622,0,2.942177,114.969
840,17623,0,2.775025,112.949
841,17684,0,2.590463,111.922
842,17705,0,2.408812,109.645
843,17706,0,3.084659,115.367
844,17707,0,2.726501,111.090
845,17708,0,3.087204,113.395
846,17709,0,2.576693,112.598
847,17711,0,2.905600,113.859
848,17713,0,2.579376,112.219
849,17852,0,2.546605,110.809
850,17873,0,2.454127,109.926
851,17874,0,2.813456,111.203
852,17875,0,2.816103,109.852
853,17876,0,2.635892,110.496
854,17877,0,2.638223,110.270
855,17978,0,3.163072,115.293
856,17999,0,2.567527,111.676
857,18000,0,2.936833,114.387
858,18001,0,2.939884,114.750
859,18062,0,2.728147,113.871
860,18063,0,2.545284,112.395
861,18104,0,2.703339,111.969
862,18105,0,2.349663,110.668
863,18106,0,2.531650,112.039
864,18167,0,2.468140,111.949
865,18188,0,2.616203,113.016
866,18189,0,2.400696,114.070
867,18230,0,2.641637,114.723
868,18231,0,2.209509,111.238
869,18272,0,2.049576,109.422
870,18273,0,2.481636,112.484
871,18274,0,2.259587,110.785
872,18335,0,2.550918,113.156
873,18336,0,2.555540,114.770
874,18337,0,2.559898,113.527
875,18398,0,2.608079,114.738
876,18399,0,2.796710,114.539
877,18440,0,2.618118,112.953
878,18461,0,2.651788,114.965
879,18462,0,2.655698,115.055
880,18463,0,2.258575,111.852
881,18524,0,2.263940,111.438
882,18525,0,2.475019,112.016
883,18566,0,2.290505,110.617
884,18567,0,2.503887,111.805
885,18608,0,2.801278,114.266
886,18629,0,3.043075,116.258
887,18630,0,2.851720,113.992
888,18671,0,3.230017,113.188
889,18672,0,3.052376,114.262
890,18673,0,2.676196,111.797
891,18674,0,2.455678,111.625
892,18676,0,2.865868,115.094
893,18776,0,2.690891,113.125
894,18777,0,2.875087,113.480
895,18818,0,2.477226,111.480
896,18839,0,2.830784,111.141
897,18840,0,2.444581,109.750
898,18841,0,2.834105,110.637
899,18902,0,2.841966,112.395
900,18923,0,2.831642,114.031
901,18924,0,3.405836,118.434
902,18965,0,2.605036,110.406
903,18966,0,3.006805,112.191
904,18967,0,3.008759,111.711
905,19028,0,2.822692,113.617
906,19029,0,3.530523,117.332
907,19070,0,2.913825,114.352
908,19071,0,3.111586,115.484
909,19072,0,2.612872,110.836
910,19133,0,2.694130,112.102
911,19134,0,3.090140,115.219
912,19135,0,2.392342,108.000
913,19136,0,2.546558,108.621
914,19217,0,2.857099,115.238
915,19238,0,2.805424,115.188
916,19239,0,2.584432,112.398
917,19280,0,2.825596,114.594
918,19281,0,2.828650,113.836
919,19322,0,2.642600,110.742
920,19323,0,2.821173,113.109
921,19324,0,2.989109,114.430
922,19325,0,2.650524,111.785
923,19406,0,2.816369,113.883
924,19407,0,2.479750,110.941
925,19408,0,2.647062,110.707
926,19469,0,2.430467,111.336
927,19490,0,2.366569,112.246
928,19491,0,3.280317,116.152
929,19532,0,2.359660,111.594
930,19553,0,2.625557,114.875
931,19554,0,2.161123,113.094
932,19595,0,2.905480,114.391
933,19596,0,2.712443,112.461
934,19597,0,2.494921,111.062
935,19599,0,2.498355,109.918
936,19600,0,2.713970,114.309
937,19700,0,2.361500,110.359
938,19701,0,2.762440,112.742
939,19742,0,2.571990,111.734
940,19743,0,2.381270,109.973
941,19784,0,3.020907,114.465
942,19805,0,2.599622,112.750
943,19806,0,2.603346,112.949
944,19807,0,2.374257,111.793
945,19868,0,3.037778,115.129
946,19889,0,2.603644,112.137
947,19910,0,2.844047,111.574
948,19911,0,3.024222,113.984
949,19912,0,2.648746,110.328
950,19913,0,2.651256,112.102
951,19915,0,2.436605,109.441
952,20015,0,2.684012,112.941
953,20016,0,2.491521,110.805
954,20017,0,3.300054,113.320
955,20078,0,2.861691,112.738
956,20079,0,2.865468,111.414
957,20080,0,3.081673,116.289
958,20141,0,3.043228,113.883
959,20142,0,2.854154,113.051
960,20183,0,2.576960,111.312
961,20204,0,2.971123,113.504
962,20205,0,2.560411,111.656
963,20206,0,2.780649,111.496
964,20207,0,3.153480,115.332
965,20288,0,2.963325,114.016
966,20289,0,2.965578,113.039
967,20290,0,2.967375,114.227
968,20351,0,2.756541,112.340
969,20352,0,2.758334,110.824
970,20353,0,2.580145,110.004
971,20414,0,2.684257,111.160
972,20435,0,3.007594,114.262
973,20436,0,2.469912,109.879
974,20477,0,2.416330,111.000
975,20498,0,2.699764,113.074
976,20499,0,2.387859,110.246
977,20540,0,2.629448,111.129
978,20541,0,3.051482,115.555
979,20542,0,2.946297,112.879
980,20543,0,2.359695,110.695
981,20624,0,2.555511,112.762
982,20625,0,2.319835,110.297
983,20666,0,2.333645,110.754
984,20687,0,2.842121,115.297
985,20688,0,2.530041,113.785
986,20729,0,2.437562,113.109
987,20730,0,2.951995,115.848
988,20731,0,2.746558,112.473
989,20792,0,2.229352,111.391
990,20793,0,2.125026,112.027
991,20834,0,2.520457,114.164
992,20855,0,2.936980,115.965
993,20876,0,2.245944,111.613
994,20877,0,3.255100,116.027
995,20918,0,1.974206,110.305
996,20919,0,2.582597,113.992
997,20920,0,2.378898,114.445
998,20921,0,2.378621,111.852
999,20923,0,2.479940,110.391
